xG_p90,xA_p90,shots_p90,key_passes_p90,xGChain_p90,xGBuildup_p90,goal_involvement_p90,pct_6yd,pct_pen,pct_outside,avg_shot_xG,avg_shot_dist,role_burden,xG_overperf_p90,resilience_ratio,big_game_ratio,archetype
0.056029415282272774,0.08005627106288064,0.8802976988663007,0.7993352877747253,0.30920665257533986,0.23005436836540075,0.1096403625274593,0.05129443732852912,0.3372008855090437,0.5812930096110718,0.05840315624752487,0.25317717417914026,0.044882170761146103,-0.012109176898728407,0.8694938844175306,0.87677834142931,Deep Playmaker
-0.01010001750290282,0.004839491529016096,0.1626193409588499,0.08494657423284435,0.14379554317783794,0.15165592705635333,0.002463735686330487,0.02347030319441895,0.05344125389374882,0.07759206257046575,-0.007304387281856936,-0.017852883961020777,0.017251708744172214,0.0007761262530741123,-0.031189598337910573,-0.028965924719301483,Clutch Finisher
0.08398873139284073,0.04559956832892485,0.6051136522107339,0.42855390644283625,0.2953588139370386,0.2281554063297017,0.10141352119004468,0.20570640280716715,0.6191570003356011,0.14876836765074292,0.12441726869075626,0.15241344455840616,0.037586287537103434,-0.018640772053259924,0.8937678639971187,0.8827048216623713,Pressure Player
0.18408721132118522,0.21474595035483374,1.6088708182757303,1.6457334303066924,0.6156537941285372,0.3533474409460724,0.3878217541751968,0.07891335677560951,0.5139712888722794,0.4216945411800994,0.10544555238665047,0.2061705902029868,0.06436861468065536,0.012232340308371142,0.672949682127379,0.8650447020102896,Creative Conductor
0.43697371041030686,0.13388682953142192,2.6516506533119237,1.0496594927240015,0.6008821689346786,0.1764582301532686,0.4636271326824609,0.15010416072353203,0.6586769896269472,0.20409843562597402,0.17815783839821786,0.15902164270069924,0.07514302715190582,-0.09566470347951136,0.7143071827484837,0.8449900774749162,Clinical Finisher
