xG_p90,xA_p90,shots_p90,key_passes_p90,xGChain_p90,xGBuildup_p90,goal_involvement_p90,pct_6yd,pct_pen,pct_outside,avg_shot_xG,avg_shot_dist,role_burden,xG_overperf_p90,resilience_ratio,big_game_ratio,archetype
0.055593363805525514,0.08327759433279196,0.9002959467301559,0.8388016580815156,0.3180040258616895,0.23955883971621897,0.1165566505839205,0.053019333680445785,0.34630027551779335,0.5964355352807298,0.0626336379583437,0.23914303664364114,0.045054853178436535,-0.008792816762463443,0.8827005216208506,0.8979784010575557,Deep Playmaker
0.19678519704175734,0.21741694466936162,1.656852810545537,1.6552481547971136,0.6224718599501546,0.3469683791669682,0.39680976878716984,0.07769993914222478,0.5227760694414679,0.4012896610515158,0.10822808498036388,0.20494932231067664,0.06512542172377896,0.0062868552968072325,0.6655833641888278,0.8516885520861344,Creative Conductor
0.08018909961557118,0.045825700370848724,0.6372219597396134,0.4303387026696868,0.29246030700749,0.2274610982774064,0.09956446166636174,0.19974295551349935,0.6084561418999865,0.15594651525225747,0.11490029395485127,0.1451790836934939,0.03751502514077769,-0.018269407717091523,0.8372112733094236,0.8339009788352734,Pressure Player
0.43995150639892816,0.13135201366867996,2.6578069256272343,1.0262953951130322,0.5991585930934076,0.17298404847834223,0.4625661231588952,0.1544821256514874,0.6607674176373758,0.19253283917820171,0.17892907544019415,0.16021390042160005,0.07582056727265031,-0.09635442169656386,0.724211610271084,0.8537121966809342,Clinical Finisher
